insert into pharmacy.suppliers (supplier_name, address, phone_number, website, email) values ('fabrication enterprises', null, '+1 (676) 325-1912', 'jugem.jp', 'cfauning0@usatoday.com');
insert into pharmacy.suppliers (supplier_name, address, phone_number, website, email) values ('American Sales Company', 'Room 1016', '+33 (411) 652-5259', 'wordpress.com', 'ddemke1@dion.ne.jp');
insert into pharmacy.suppliers (supplier_name, address, phone_number, website, email) values ('Greenstone LLC', '11th Floor', '+502 (349) 467-8724', 'topsy.com', 'briteley4@springer.com');
insert into pharmacy.suppliers (supplier_name, address, phone_number, website, email) values ('Cadila Healthcare Limited', 'Apt 533', '+46 (109) 159-9089', 'wp.com', 'dbrennenstuhl8@paginegialle.it');
insert into pharmacy.suppliers (supplier_name, address, phone_number, website, email) values ('QUALITY CHOICE (Chain Drug Marketing Association)', 'Suite 11', '+86 (610) 551-9587', 'wordpress.com', 'tvoasa@facebook.com');
insert into pharmacy.suppliers (supplier_name, address, phone_number, website, email) values ('Liddell Laboratories', 'Apt 194', '+63 (735) 227-8359', 'google.ru', 'jpalingc@artisteer.com');
insert into pharmacy.suppliers (supplier_name, address, phone_number, website, email) values ('Triax Pharmaceuticals, LLC', 'PO Box 79748', '+61 (510) 716-1715', 'cargocollective.com', 'abrownlief@state.gov');
insert into pharmacy.suppliers (supplier_name, address, phone_number, website, email) values ('AMERICAN CHEMICAL AND SANITARY SUPPLY INC', null, '+27 (606) 269-6971', 'cafepress.com', 'ncowpertwaitg@webnode.com');
insert into pharmacy.suppliers (supplier_name, address, phone_number, website, email) values ('Pfizer Laboratories Div Pfizer Inc', 'Suite 54', '+351 (534) 750-3285', 'census.gov', 'jmashroh@artisteer.com');
insert into pharmacy.suppliers (supplier_name, address, phone_number, website, email) values ('Sun Pharmaceutical Industries Limited', 'Suite 72', '+1 (585) 646-3691', 'si.edu', 'rdematteisj@dailymail.co.uk');


insert into inventory (barcode, supplier_name, amount, medicine_name, price, expiry_date) values (4530283658, 'Sun Pharmaceutical Industries Limited', 35, 'Ibuprofen', 1060, '11.02.2025');
insert into inventory (barcode, supplier_name, amount, medicine_name, price, expiry_date) values (0495770027, 'Sun Pharmaceutical Industries Limited', 73, 'Gerbil Epithelium', 4155, '02.14.2025');
insert into inventory (barcode, supplier_name, amount, medicine_name, price, expiry_date) values (9323218081, 'AMERICAN CHEMICAL AND SANITARY SUPPLY INC', 62, 'Magnesium Citrate', 4007, '02.06.2025');
insert into inventory (barcode, supplier_name, amount, medicine_name, price, expiry_date) values (4714828959, 'Pfizer Laboratories Div Pfizer Inc', 55, 'Lorazepam', 2139, '10.05.2024');
insert into inventory (barcode, supplier_name, amount, medicine_name, price, expiry_date) values (3747711669, 'Triax Pharmaceuticals, LLC', 64, 'ERBITUX', 1538, '12.28.2024');
insert into inventory (barcode, supplier_name, amount, medicine_name, price, expiry_date) values (2165895081, 'Pfizer Laboratories Div Pfizer Inc', 72, 'Cover Fx Blemish Treatment Concealer N X-Deep', 4468, '10.06.2024');
insert into inventory (barcode, supplier_name, amount, medicine_name, price, expiry_date) values (2929123338, 'Cadila Healthcare Limited', 49, 'HIBERIX', 3940, '10.17.2024');
insert into inventory (barcode, supplier_name, amount, medicine_name, price, expiry_date) values (5891780503, 'American Sales Company', 37, 'PREMIER VALUE MEDICATED WIPES', 1476, '09.09.2024');
insert into inventory (barcode, supplier_name, amount, medicine_name, price, expiry_date) values (4381429222, 'Cadila Healthcare Limited', 96, 'XOXO Kit', 234, '09.06.2025');
insert into inventory (barcode, supplier_name, amount, medicine_name, price, expiry_date) values (8369086500, 'Greenstone LLC', 91, 'Illuminating Mineral Beauty Balm with SPF 9', 2129, '10.25.2025');
insert into inventory (barcode, supplier_name, amount, medicine_name, price, expiry_date) values (6863414589, 'Triax Pharmaceuticals, LLC', 7, 'Good Neighbor Pharmacy Muscle Rub', 1875, '12.28.2025');
insert into inventory (barcode, supplier_name, amount, medicine_name, price, expiry_date) values (6487942138, 'Pfizer Laboratories Div Pfizer Inc', 20, 'DOCTORS CHOICE', 4140, '11.07.2025');
insert into inventory (barcode, supplier_name, amount, medicine_name, price, expiry_date) values (4798008265, 'QUALITY CHOICE (Chain Drug Marketing Association)', 8, 'Longleaf Pine', 4014, '12.27.2024');
insert into inventory (barcode, supplier_name, amount, medicine_name, price, expiry_date) values (8212230961, 'American Sales Company', 39, 'Butorphanol Tartrate', 4867, '05.15.2025');
insert into inventory (barcode, supplier_name, amount, medicine_name, price, expiry_date) values (4750424862, 'fabrication enterprises', 76, 'Eve Lom Radiance Lift Foundation SPF 15', 2935, '08.20.2024');
insert into inventory (barcode, supplier_name, amount, medicine_name, price, expiry_date) values (8800890296, 'AMERICAN CHEMICAL AND SANITARY SUPPLY INC', 43, 'NICORETTE', 1508, '01.04.2026');
insert into inventory (barcode, supplier_name, amount, medicine_name, price, expiry_date) values (5178018672, 'fabrication enterprises', 46, 'Androtox', 256, '09.05.2024');
insert into inventory (barcode, supplier_name, amount, medicine_name, price, expiry_date) values (0460760955, 'Greenstone LLC', 16, 'INCHCO Brand SANI-DERM Antiseptic Hand Wash', 109, '01.29.2026');
insert into inventory (barcode, supplier_name, amount, medicine_name, price, expiry_date) values (8329795373, 'Liddell Laboratories', 48, 'Rugby', 3906, '01.16.2026');
insert into inventory (barcode, supplier_name, amount, medicine_name, price, expiry_date) values (8350279168, 'QUALITY CHOICE (Chain Drug Marketing Association)', 61, 'LIPSTICK QUEEN ENDLESS SUMMER Broad Spectrum SPF 15 Sunscreen', 1530, '01.02.2026');

insert into pharmacy.medicine (barcode, medicine_name, price) values (4530283658, 'Ibuprofen', 1060);
insert into pharmacy.medicine (barcode, medicine_name, price) values (0495770027, 'Gerbil Epithelium', 4155);
insert into pharmacy.medicine (barcode, medicine_name, price) values (9323218081, 'Magnesium Citrate', 4007);
insert into pharmacy.medicine (barcode, medicine_name, price) values (4714828959, 'Lorazepam', 2139);
insert into pharmacy.medicine (barcode, medicine_name, price) values (3747711669, 'ERBITUX', 1538);
insert into pharmacy.medicine (barcode, medicine_name, price) values (2165895081, 'Cover Fx Blemish Treatment Concealer N X-Deep', 4468);
insert into pharmacy.medicine (barcode, medicine_name, price) values (2929123338,'Cadila Healthcare Limited', 3940);
insert into pharmacy.medicine (barcode, medicine_name, price) values (5891780503, 'PREMIER VALUE MEDICATED WIPES', 1476);
insert into pharmacy.medicine (barcode, medicine_name, price) values (4381429222, 'XOXO Kit', 234);
insert into pharmacy.medicine (barcode, medicine_name, price) values (8369086500, 'Illuminating Mineral Beauty Balm with SPF 9', 2129);
insert into pharmacy.medicine (barcode, medicine_name, price) values (6863414589, 'Good Neighbor Pharmacy Muscle Rub', 1875);
insert into pharmacy.medicine (barcode, medicine_name, price) values (6487942138, 'DOCTORS CHOICE', 4140);
insert into pharmacy.medicine (barcode, medicine_name, price) values (4798008265, 'Longleaf Pine', 4014);
insert into pharmacy.medicine (barcode, medicine_name, price) values (8212230961, 'Butorphanol Tartrate', 4867);
insert into pharmacy.medicine (barcode, medicine_name, price) values (5178018672, 'Androtox', 256);
insert into pharmacy.medicine (barcode, medicine_name, price) values (0460760955, 'INCHCO Brand SANI-DERM Antiseptic Hand Wash', 109);
insert into pharmacy.medicine (barcode, medicine_name, price) values (4750424862, 'Eve Lom Radiance Lift Foundation SPF 15', 2935);
insert into pharmacy.medicine (barcode, medicine_name, price) values (8800890296, 'NICORETTE', 1508);
insert into pharmacy.medicine (barcode, medicine_name, price) values (8329795373, 'Rugby', 3906);
insert into pharmacy.medicine (barcode, medicine_name, price) values (8350279168, 'LIPSTICK QUEEN ENDLESS SUMMER Broad Spectrum SPF 15 Sunscreen', 1530);


insert into pharmacy.patients (insurance_number, age, active, loyalty_card, first_name, last_name) values (4625248469, 70, true, 9443458640, 'Oralle', 'McClenan');
insert into pharmacy.patients (insurance_number, age, active, loyalty_card, first_name, last_name) values (6358221388, 74, false, 1919490639, 'Betsey', 'Pryke');
insert into pharmacy.patients (insurance_number, age, active, loyalty_card, first_name, last_name) values (4325515828, 65, true, 0087895560, 'Sal', 'Fries');
insert into pharmacy.patients (insurance_number, age, active, loyalty_card, first_name, last_name) values (8529764218, 74, false, 5291297123, 'Trevor', 'Baselio');
insert into pharmacy.patients (insurance_number, age, active, loyalty_card, first_name, last_name) values (6019478653, 79, true, 3608810404, 'Garrett', 'Henzer');
insert into pharmacy.patients (insurance_number, age, active, loyalty_card, first_name, last_name) values (9944428914, 43, true, 9749429400, 'Charmion', 'Klewi');
insert into pharmacy.patients (insurance_number, age, active, loyalty_card, first_name, last_name) values (7418649509, 34, false, 6822490434, 'Samuele', 'Laker');
insert into pharmacy.patients (insurance_number, age, active, loyalty_card, first_name, last_name) values (0434066753, 54, false, 9116308638, 'Lottie', 'Toffts');
insert into pharmacy.patients (insurance_number, age, active, loyalty_card, first_name, last_name) values (5497673147, 77, false, 5973659380, 'Martina', 'Musico');
insert into pharmacy.patients (insurance_number, age, active, loyalty_card, first_name, last_name) values (2131814623, 62, false, 9258695771, 'Hilda', 'Samwayes');

INSERT INTO pharmacy.basket (insurance_number, purchased_flag) VALUES (9944428914, true);
INSERT INTO pharmacy.basket (insurance_number, purchased_flag) VALUES (2131814623, false);
INSERT INTO pharmacy.basket (insurance_number, purchased_flag) VALUES (0434066753, true);
INSERT INTO pharmacy.basket (insurance_number, purchased_flag) VALUES (2131814623, false);
INSERT INTO pharmacy.basket (insurance_number, purchased_flag) VALUES (7418649509, false);
INSERT INTO pharmacy.basket (insurance_number, purchased_flag) VALUES (8529764218, false);

INSERT INTO pharmacy.basket_items(basket_id, medicine_name, amount) VALUES (1, 'Ibuprofen', 2);
INSERT INTO pharmacy.basket_items(basket_id, medicine_name, amount) VALUES (1, 'Gerbil Epithelium', 1);
INSERT INTO pharmacy.basket_items(basket_id, medicine_name, amount) VALUES (2, 'ERBITUX', 3);
INSERT INTO pharmacy.basket_items(basket_id, medicine_name, amount) VALUES (4, 'ERBITUX', 3);
INSERT INTO pharmacy.basket_items(basket_id, medicine_name, amount) VALUES (5, 'ERBITUX', 2);



INSERT INTO pharmacy.orders (basket_id, loyalty_card, insurance_number, payment_type, total_price) VALUES (1,9749429400 ,9944428914, 'Cash', )

insert into pharmacy.employees (passport_number, age, first_name, last_name) values (832553196, 45, 'Austen', 'Casellas');
insert into pharmacy.employees (passport_number, age, first_name, last_name) values (451148937, 39, 'Rachele', 'Paynter');
insert into pharmacy.employees (passport_number, age, first_name, last_name) values (778487143, 25, 'Vilhelmina', 'Fasham');

insert into pharmacy.jobs (employee_number, position, salary, contract_begin, contract_end) values (1, 'Manager', 91686, '12.11.2023', '01.09.2026');
insert into pharmacy.jobs (employee_number, position, salary, contract_begin, contract_end) values (2, 'Pharmacist', 63518, '02.01.2024', '07.12.2025');
insert into pharmacy.jobs (employee_number, position, salary, contract_begin, contract_end) values (3, 'Cashier', 50083, '02.16.2024', '07.07.2025');


